content,date
"Z√©ro absolu ,  d'habitude je pr√©f√®re les √©viter mais la pour un envoi international je n'ai pas eu le choix et quel erreur... le colis fait le tour du monde sans probl√®me parcontre arriv√© en France au bout de 4 jour apres 4 allez retour dans le pays avec leur point de livraison il arrive dans ma ville et il arrive a d√©clar√© que ma rue et mon adresse n existe pas pourtant bien not√© j en est la preuve .. quel parcour   retour a l exp√©diteur j essaye d appeller impossible de pas tomb√© sur un andro√Øde au t√©l√©phone au bout 30 minute j'ai enfin un humain qui parle a peine ma langue et qui me dit non mais c est a l exp√©diteur d appeller a l international alors que le colis est sens√© etre dans ma ville.... si l enfer avec une compagnie ce serait laposte . Tout les autre que ce soit point relay ups dpd trouve mais laposte n est pas foutu de trouv√© une rue un num√©ro ni m√™me m'appeler des incapable ",Date de l'exp√©rience: 28 octobre 2024
Si je pouvais mettre z√©ro se serai  avec plaisir pour l envoi d une lettre exp√©di√©e du bureau de poste de romans sur isere le mardi toujours pas re√ßue  le vendredi pour Aix les bains et ceci depuis plusieurs fois.C est d√©plorable !,Date de l'exp√©rience: 16 octobre 2024
"1√©toile pour ne pas mettre 0. Colissimo en Recommand√© avec signature, soit 11‚Ç¨ remis √† la poste, et √† destination colis remis en bo√Æte aux lettres sans signature.......C'est se moquer du monde, pour ne pas dire du fouta...de gueule...R√©clamation faite car contestation de r√©ception du destinataire .Le service clients..,. tr√®s cool....le client!! C'est quoi...,m'indique un d√©lai de 3 semaines pour l'envoi de l'exemplaire ""sign√©"".. par qui ? La bo√Æte aux lettres ?C'est n'importe quoi , c'est fatiguant ( pour moi, pas pour eux), si vous faites part de votre m√©contentement , on vous raccroche au nez, c'est ce qui vient s'arriver.Bref, nulissime. Cela ne se serait pas pass√© dans dans le priv√©.Pas d'entorse des m√©ninges √† pr√©voir, triiinquiile. Le service aux clients ne fait que se d√©grader depuis des ann√©es. L'erreur est humaine, pas l'incomp√©tence.",Date de l'exp√©rience: 28 octobre 2024
"J'envoie un colis qui devait arriver en 48h. Quelques jours apr√®s le colis n'avance pas donc je t√©l√©phone (et je renvoie le colis via mondial Relay qui, lui au moins, arrive rapidement), ils finissent par me d√©bloquer la situation donc le colis arrive en 2 semaines! Je demande un remboursement, ils m'accusent d'abord d'avoir mal not√© l'adresse mais je leur prouve que tout est bon donc me disent que je vais √™tre rembours√©. Le remboursement ne venant pas je relance la r√©clamation et me r√©pondent qu'ils ont cl√¥tur√© la r√©clamation car j'ai d√©j√† √©t√© rembours√©e...! Ce qui est faux. Bref menteur, radin... J'envoie 99% de mes colis via mondial Relay qui sont beaucoup moins cher et beaucoup plus r√©actifs. ",Date de l'exp√©rience: 03 juin 2024
"Un service ?.... Une √©preuve surtout ! Les champions du monde de l'absence c√©r√©brale ou de l'avortement intellectuel. Deplorable. Ces arri√©r√©s arrivent √† perdre un colis en recommand√© d'une valeur de 300‚Ç¨ et le livrer contre signature ""quelque part"", en tout cas, tout sauf √† l'adresse indiqu√©e. Ce n'est pas la premi√®re fois qu'elle excelle dans une telle m√©diocrit√©. Les guichets sont 8 fois sur 10 g√©r√©s avec quelques morceaux de QI qu'il ne faut pas chauffer trop fort, sinon on a des r√©ponses digne d'un automate en fin de s√©rie. J'esp√®re qu'une entreprise priv√©e va se charger de prendre le relais. Ca sera amplement m√©rit√©.",Date de l'exp√©rience: 24 octobre 2024
"Sur l‚Äôagence de Nuits st Georges.Tr√®s bien accueilli, tr√®s professionnel avec de l‚Äôexp√©rience et beaucoup de patience sur un probl√®me de signature num√©rique difficile √† r√©gler, cause: probl√®mes impossible √† r√©gler sur le site internet.",Date de l'exp√©rience: 25 octobre 2024
J‚Äôai command√© via la poste colis perdu le service ne savait pas o√π √©tait le colis .J‚Äôai fais part de mon m√©contentement ce qui a donn√© suite √† un second appel . Sachant que nom adresse et num√©ro √©tait mis dessus et que je suis joignable lorsque je commande par internet .Suite √† cela le service c‚Äôest excus√© . J‚Äôai pu contacter le vendeur pour avoir solution .Le plus dr√¥le dans l‚Äôhistoire recevoir mon colis perdu  1 mois et demi apr√®s dans ma bo√Æte aux lettres non ouvert et intact Tr√®s d√©√ßue du service de la poste ,Date de l'exp√©rience: 28 septembre 2024
La poste service public ?J'attends un recommand√© le facteur est pass√© et √©videmment absent car en semaine les gens bossent et pour pouvoir le r√©cup√©rer c'est tout simplement impossible le bureau de poste √©tant ferm√© d√®s 16h30...les deux seuls jours d'ouverture en semaine et ... ferm√© le samedi !!!! Du grand n'importe quoi la poste se casse la gueule faut pas s'√©tonner c'est devenu tout sauf un service public Vivement les recommand√©s chez mondial Relay ou autre ,Date de l'exp√©rience: 19 octobre 2024
si je pouvais mettre z√©ro je l aurais fait comme les autres avis c est lamentable de A √† Z j'ai effectu√© un envoi en bo√Æte aux lettres d'un collissimo et le facteur ne l a pas vu je lui conseille des lunettes double foyer avec une loupe int√©gr√©e j avais pos√© mon colis la veille aucun effort on laisse un avis et on sen va Service qui ne sert a rien impossible sur votre site de reprogrammer un retrait ,Date de l'exp√©rience: 22 octobre 2024
"Bonjour, Je constate une tr√®s grande majorit√© d'avis n√©gatifs, ils durent et perdurent depuis longtemps et rien ne change.J'ai souhait√© √©voquer un ni√®me probl√®me avec le Directeur de La Poste de SavignysurOrge, ceci m'a √©t√© refus√© au motif que les collaborateurs pr√©sents avaient en charge la remont√©e des probl√®mes pour leur r√©solution.Avec la pr√©cision suppl√©mentaire et totalement inadmissible, que lorsque les probl√®mes sont remont√©s par eux, la direction les traitent avec plus de s√©rieux ...Propos ridicules et mensong√©s, le traitement (qui n'en porte que le nom), du probl√®me que j'ai expos√© s'est r√©v√©l√© tout aussi nullissime qu'avant ma venue dans les locaux de La Poste.Tout ceci ajout√© au fait que j'ai suffisamment perdu de temps pour RIEN. Je souhaite ardemment un rendez-vous avec le Directeur de La Poste de Savigny sur Orge. Il est inadmissible de devoir le solliciter de la sorte.En effet, l'une des missions d'un Directeur (responsable, digne et √† la hauteur de sa fonction), est la r√©ception des usagers qui demandent √† le rencontrer. Bien √©videmment en fonction de ses disponibilit√©s, mais √©galement en tenant compte de celles de ses usagers.J'attends donc sa rapide communication afin de me fixer un rendez-vous. √Ä d√©faut, c'est le Directeur R√©gional Ex√©cutif Ile de France que je solliciterai.Dans l'attente, soyez assur√©s de mon tr√®s vif agacement. Fran√ßois CERF ",Date de l'exp√©rience: 23 octobre 2024
"En attente d'un recommand√© important.V√©rification du courrier le 17/10 √† 10h30 avec BAL vide.V√©rification √† 12h30 : avis de passage et not√© ""ABS"" ...Il suffit de prendre l'ascenseur et monter √† l'√©tage indiqu√© sur la BAL avant de toquer √† la porte avec le nom indiqu√© dessus.Manifestement cela requiert des capacit√©s non accessibles pour le facteur.S'en suit des appels au 3634 avec ""je fais remonter l'information - en toute urgence"" .. R√©sultat au bout de 72h = rien. le n√©ant. aucun appel, aucun message.L'incomp√©tence √† tous les niveaux.En bonne place pour un Cactus d'Or.",Date de l'exp√©rience: 17 octobre 2024
"Si je pouvais mettre z√©ro √©toile je l'aurais fais. Lettre prioritaire envoy√© il y a plus de 2 mois dans le cadre d'un renvoi de piercing √† un eshop allemand. R√©sultat, apr√®s des dizaines d'appels √† batailler, on vient de me rembourser 4‚Ç¨50 (la blague) pour l'envoi, alors qu'il y avait plus de 40‚Ç¨ de bijoux √† l'int√©rieur de cette enveloppe. Je suis encore actuellement en train de batailleur pour avoir gain de cause mais je ne compte pas l√¢cher l'affaire. Toutefois, ne comptez pas sur moi pour refaire un jour appel aux service de La Poste. Entre leur messagerie automatique qui est un enfer et qui ne comprend RIEN, les gens qui doivent vous contacter sous 72H et cela n'arrive jamais, les colis perdus, bref j'en passe... Comment peut-on √™tre aussi incomp√©tent quand √ßa fait si longtemps que l'on existe. C'est d√©plorable... J'attends toujours votre appel d'ailleurs ;) (Amanda Leroy, si besoin)",Date de l'exp√©rience: 24 octobre 2024
Bonjour je remercie le facteur de persan Il a ete tr√®s sympa il a frapp√© √† ma porte plusieurs fiis car je ne l entendait pas Du coup j ai pu avoir ma  lettre recommand√©e aujourd'hui Gr√¢ce √† lui on n √† pas cogit√© tout le week end pour savoir qui nous ecrivait Merci facteur vouscetes tr√®s sympa sylvie ,Date de l'exp√©rience: 26 octobre 2024
"La poste Aiguelongue √† Montpellier, femme √† l'accueil tr√®s d√©sagr√©able : langage verbal et surtout non verbal irrespectueux envers l'ensemble de la client√®le, me demande le num√©ro de suivi pour un retrait de colis, je saisi mon t√©l√©phone et elle me l'arrache des mains, je n'ai pas eu le temps d'ouvrir ma boite mail pour trouver ce num√©ro qu'elle faisait passer la personne suivante, j'ai trouv√© le num√©ro en 10 sec et ai du attendre √† nouveau mon tour 15 min de plus...",Date de l'exp√©rience: 25 octobre 2024
La poste ou le seul service de livraison qui ne livre pas m√™me quand vous √™tes l√† !Et qui vous insulte en prime avec un ¬´Choix de votre part¬†¬ª impos√© de venir chercher votre colis qu‚Äôon a m√™me pas essay√© de vous livrer.File d‚Äôattente jusqu‚Äô√† l‚Äôext√©rieur avec des h√¥tesses d‚Äôaccueil d√©pass√©es.Et dire que certains leurs font confiance pour g√©rer leur argent.,Date de l'exp√©rience: 23 octobre 2024
"J'ai envoy√© une lettre recommand√©e au gouvernement d'Andorre depuis la France, mais le facteur n'a pas trouv√© l'adresse et a d√©pos√© ma lettre directement dans un point relais. J'ai contact√© le gouvernement d'Andorre et ils m'ont dit qu'ils ne pouvaient pas aller la chercher. Ils sont √©galement surpris que la lettre n'ait pas √©t√© livr√©e directement, car l'adresse est tr√®s claire et d√©taill√©e, et ils re√ßoivent des courriers tous les jours.J'ai contact√© le 3631, mais on m'a dit qu'ils ne pouvaient pas refaire une deuxi√®me livraison. Au lieu de cela, la lettre restera dans le point relais pendant 15 jours avant d'√™tre renvoy√©e. Comment une telle entreprise, avec un service de cette qualit√© m√©diocre, parvient-elle √† survivre ?",Date de l'exp√©rience: 17 octobre 2024
"J'ai r√©cemment demand√© une modification de livraison pour un colis via leur site, afin de pouvoir le r√©cup√©rer directement en agence. Bien que cette modification ait √©t√© confirm√©e, le colis a finalement √©t√© renvoy√© √† l'exp√©diteur, en raison d'un probl√®me d'adresse. C'est pr√©cis√©ment pour √©viter cela que j'avais choisi une livraison en point relais dans une de leurs agences.Je me demande si les changements d'adresse sont r√©ellement pris en compte, ou si leur syst√®me fonctionne correctement.Pour tenter de r√©soudre le probl√®me, j'ai essay√© de les contacter via leur chatbot en ligne, qui, bien s√ªr, est incapable de traiter ce genre de demande et nous renvoie uniquement vers la FAQ. Quant √† leur assistance t√©l√©phonique au 3631, leur assistant vocal, cens√© √™tre intelligent, n'a pas encore atteint ce niveau et n'a pas pu m'aider non plus.R√©sultat : mon colis repart √† l'exp√©diteur... Bravo La Poste.",Date de l'exp√©rience: 23 octobre 2024
"Le 16/10 j‚Äôai post√© un courrier en LETTRE SUIVIE √† La Poste de  Porticcio (Corse) pour destinataire Landerneau (Finist√®re) . Quelle belle surprise‚Ä¶.l‚Äôenveloppe a √©t√© d√©pos√©e VIDE dans la bo√Æte aux lettres du destinataire ! Cette enveloppe contenait une maxi carte musicale d‚Äôanniversaire dans son enveloppe, et le tout mis dans une grande enveloppe en papier kraft. Cette carte √©tait destin√©e au 1er anniversaire d‚Äôun enfant. Quelle tristesse ! Cette carte a √©t√© VOL√âE ! Comment ne pas avoir de d√©fiance envers ce merveilleux service payant de La Poste!",Date de l'exp√©rience: 15 octobre 2024
"Bonjour, J‚Äôai achet√© un contrat de r√©expedition √† la poste pour la p√©riode du 22/08 au 10/10.Un organisme bancaire m‚Äôa adress√© un courrier n√©cessaire pour la liquidation de ma retraite, je ne l‚Äôai jamais re√ßu.Mon assureur m‚Äôa adress√© un courrier relatif √† mon contrat d‚Äôassurance, je ne l‚Äôai jamais re√ßu.Je me suis envoy√© un courrier pour v√©rifier si le service de r√©exp√©dition fonctionnait, je ne l‚Äôai jamais re√ßu.J‚Äôai fait une r√©clamation via le website de la poste. J‚Äôai re√ßu par e-mail un accus√© de r√©ception avec l‚Äôengagement d‚Äôune r√©ponse sous 2 jours, je n‚Äôai jamais re√ßu de r√©ponse.Pensant qu‚Äôil y a tromperie sur le service vendu par la poste  je viens de faire un signalement √† la DGCCRF.",Date de l'exp√©rience: 21 octobre 2024
"La Poste,C'est devenu un des pires services postaux au niveau prix/efficacit√©.Des d√©lais rallong√©s aux derniers moments, un service client catastrophique avec des conseillers malpolis, des prix prohibitifs, des facteurs qui jettent le courrier pour finir leur tourn√©e plus t√¥t...Les services de la Poste devraient ",Date de l'exp√©rience: 18 octobre 2024
"Je cours apr√®s un courrier recommand√© depuis plusieurs jours...Avis de passage d√©pos√© en bo√Æte aux lettres alors que j'√©tais pr√©sent. Reprogrammation le lendemain mais on me rappelle pour me dire que c'est impossible (arriv√©e tardive au centre de tri), courrier √† r√©cup√©rer √† 10h le lendemain dans le bureau de poste. 10h pas de courrier, la personne me signale que 10h c'est sur le papier et que ses coll√®gues ne d√©posent le courrier qu'√† la fermeture du bureau, soit 11h30. Retour au bureau de poste √† la fermeture, des recommand√©s sont arriv√©s mais pas le mien !!! R√©sultat des courses je dois repasser dans deux jours (Le lendemain le bureau est ferm√©). Ce sera une grande surprise courrier or not courrier, that is the question...",Date de l'exp√©rience: 21 octobre 2024
"Cela fait 2 livraisons colissimo nulles de chez nulles. Je pense que la poste est devenue tout sauf une entreprise de livraison. La premi√®re fois on m‚Äôa livr√© un miroir cass√© j‚Äôai fait une r√©clamation pas de r√©ponse et la deuxi√®me fois le livreur sonne je lui ouvre donc je suis l√† et rien il met un avis de passage, du genre je ne vais pas me fatiguer √† prendre l‚Äôascenseur, il aurait pu me demander de descendre ce que j‚Äôaurais fait bref bonjour le respect du client üëéüëéüëéüëé",Date de l'exp√©rience: 18 octobre 2024
Bonjour je remercie le facteur de persan Il a ete tr√®s sympa il a frapp√© √† ma porte plusieurs fiis car je ne l entendait pas Du coup j ai pu avoir ma  lettre recommand√©e aujourd'hui Gr√¢ce √† lui on n √† pas cogit√© tout le week end pour savoir qui nous ecrivait Merci facteur vouscetes tr√®s sympa sylvie ,Date de l'exp√©rience: 26 octobre 2024
"Voulant cr√©er un compte en ligne, j'ai envoy√© tous les documents n√©cessaires, et √† la fin on me refuse l'ouverture du compte, ils sont mm incapable de me citer la raison. LAMENTABLE.",Date de l'exp√©rience: 21 octobre 2024
"Une lettre suivie envoy√©e pour √™tre livr√©e √† domicile arrive comme par miracle dans un relais poste √† 1,5 km de l‚Äôadresse de livraison sans pouvoir la r√©cup√©rer. On se demande vraiment √† quoi sert ce machin appel√© la poste ? ",Date de l'exp√©rience: 11 octobre 2024
"degradation terrifiante du serviceLettre en retard , lettre mise dans une autre boite au lettre que la mienne , plusieurs fois relanc√© et idemLes facteurs sont recrut√© comment ??",Date de l'exp√©rience: 23 octobre 2024
"Service client horrible ‚Ä¶ une plateforme virtuelle qui comprend un mot sur 3 et donc qui peine √† mettre en relation. Un service relation client qui ne comprend pas les demandes que l‚Äôon doit √† chaque fois r√©expliquer, du fait d‚Äôune tra√ßabilit√©s d√©sastreuse ! Pourquoi doit on subir cela d‚Äôun ex fleuron fran√ßais ! ",Date de l'exp√©rience: 17 octobre 2024
Je suis all√© √† LaPoste √† St Foy la Grande ce matin. J'avais besoin d'un num√©ro de suivi pour un colis qui ne m'a pas √©t√© donn√© lors de l'envoi. Je pense que la machine n'a pas r√©ussi √† l'imprimer. Le personnel a √©t√© tr√®s serviable et gentil et a pass√© beaucoup de temps avec moi. M√™me le patron qui a finalement trouv√© le num√©ro de suivi apr√®s de nombreuses recherches. Je pense que les programmeurs informatiques doivent √™tre plus attentifs √† cela et faciliter la t√¢che du personnel qui doit aider les clients. Je suis plus que satisfait de l'aide qui m'a √©t√© apport√©e. Tout le personnel √©tait gentil et patient malgr√© mon mauvais fran√ßais. Cinq √©toiles.,Date de l'exp√©rience: 24 octobre 2024
"Mon colis a √©t√© pris a charge le 17/10/24 et au premier temps la livraison a √©t√© pr√©vue le 21/10- personne. Changement le date pour 22/10. Pour la m√™me journ√©e le livraison d'un autre colis ,donc ok- les deux arrivent m√™me temps. Mais!22/10 un colis est arriv√© mais celui le premier non! Le message- on peut pas vous livrer aujourd'hui,on vous livrera au plus t√¥t... √áa y est. Disparu ou vol√© a nous de choisir. Malheureusement j'ai trop d'exp√©rience avec de la poste ,donc je peut dire ""adieu"" a mon colis.Ce matin j'appelle au service de r√©clamation et apr√®s trois tentatives j'ai quelqu'un au t√©l√©phone.Longue discution,explication a plusieurs reprises pour avoir un seul r√©ponse: on vous livrera au plus vite... Donc jamais quoi...Je pr√©f√®re depuis tr√®s longtemps le service de mondial relais,mais en ce moment ,immobile,je ne peut pas aller chercher mes colis.Rarement mais on a oblig√© d'envoyer des lettres ,on est jamais sur qu'ils arrivent a sa destination.Mais les prix  augmentent  r√©guli√®rement. Honteux !!!",Date de l'exp√©rience: 22 octobre 2024
"J'envoie une enveloppe en recommand√© AR le 7 /10 au Consulat Canadien √† Paris (130 rue du Faubourg Saint Honor√© 75008) pour renouveler nos passeports. Co√ªt 11,28 ‚Ç¨. L'enveloppe est retourn√©e le 12/10 avec la mention ""destinataire inconnu √† l'adresse"". C'est le quartier de l'Elys√©e et de grands minist√®re. L'ambassade du Canada est tr√®s bien connu. C'est scandaleux. Tellement de manque de s√©rieux et d'incomp√©tence. J'ai donn√© une √©toile malheureusement je n'avais pas le choix d'en donner z√©ro. Je me suis d√©plac√© moi m√™me pour livrer mon enveloppe. ",Date de l'exp√©rience: 07 octobre 2024
"Le service retour courrier par la boite aux lettres ne fonctionne plus depuis plusieurs jours, oblig√©e de me rendre √† la poste. Toujours le m√™me message ""Erreur technique"". Cela n'int√©resse personne √† La Poste d'y rem√©dier ? Merci alors de supprimer la page web parce qu'on perd inutilement du temps √† remplir toutes les infos.",Date de l'exp√©rience: 16 octobre 2024
Un service digne d'une R√©publique banani√®re. Comment ne plus passer par la Poste? Comment r√©cup√©rer des colis perdus ou vol√©s?R√©ponse : Il n'y a tout simplement rien √† faire!La poste est une honte nationale √† tel point que des soci√©t√©s √©trang√®res refusent parfois (et je commence √† les comprendre) de livrer en France.,Date de l'exp√©rience: 18 octobre 2024
"Malheureusement, nous ne pouvons pas mettre 0 √©toile. Dommage, car c'est la note qu'ils m√©ritent. Je ne pense pas avoir un jour rencontr√© des gens aussi peu qualifi√©s/comp√©tant et aussi peu utiles. Je n'aurais m√™me pas assez de lignes dans ce commentaire pour expliquer tous les d√©boires que j'ai pu rencontrer avec cette institution fran√ßaise. PS : je commande fr√©quemment des colis, prenez exemple sur l'Angleterre qui eux arrivent √† livrer des colis en 72H SANS AUCUNS RETARDS (peut-√™tre que l'anglais de base n'est pas un ""pacha"" comme le fran√ßais de base) !!!!!",Date de l'exp√©rience: 15 octobre 2024
Colis contre signature annonce pour le 15 octobre entre 11h et 15h tu appelles car tu dois t absenter tu veux juste savoir si je l aurais aujourd'hui on te dit je peux pas vous r√©pondre et on te raccroche au nez Bravo le service public ,Date de l'exp√©rience: 15 octobre 2024
"Une fois n‚Äôest pas coutume ! Hier Doris m‚Äôa accueilli au bureau de poste de Laumi√®re. J‚Äôai bien dit accueilli. Il faut dire qu‚Äôil n‚Äôy avait qu‚Äôune autre personne avec moi. Et j‚Äôai re√ßu information et assistance pour mon recommand√©, avec le sourire. Merci √† Doris et √† l‚Äôautre personne qui √©tait l√†. Aussi avec le sourire. Comme quoi tout peut arriver et j‚Äôaime bien faire un compliment au lieu de r√¢ler.",Date de l'exp√©rience: 24 octobre 2024
"Colissimo d√©pos√© dans une boutique ""Pickup"" (maison de la presse), il y a une semaine, sans aucune preuve de d√©p√¥t fournie.Depuis, plus aucune nouvelle du colis... le num√©ro de suivi indique que je ne l'ai pas encore d√©pos√©... Bravo, je me retourne contre qui ???Je veux faire une r√©clamation sur le site La Poste, le formulaire de contact ne marche pas !!!Le champ ""Ma demande concerne"" n'est pas s√©lectionnable !!!!!!!C'est s√ªrement plus pratique pour vous de ne pas recevoir de r√©clamations, non ???Vous √™tes vraiment une bande de bras cass√©s !!Vive La Poste fran√ßaise 2.0 !!!!!",Date de l'exp√©rience: 10 octobre 2024
"Apr√®s avoir command√© des timbres en ligne sur le site ""La poste.fr"", n'ayant pas pu les imprimer sur le moment pour d√©lai d'attente de validation du logo, j'ai d√ª remettre l'impression √† plus tard.Quand j'ai souhait√© y revenir, la planche de 24 timbres factur√©e m'√©tait impossible √† √©diter et la r√©ponse de l'op√©ratrice √©tant que je ne pouvais les obtenir faute d'un d√©lai d√©pass√©.Je d√©plore mettre fait vol√© directement par un service de la poste qui a empoch√© gracieusement 25.92‚Ç¨ de mon compte sans aucun service rendu.J'accuse d'un vol dissimul√©...",Date de l'exp√©rience: 14 octobre 2024
attente depuis 15 jours d'un r√©sultat scanner (+ programmes t√©l√© hebdomadaires)  ... qui n'arrivent pas appel au bureau local: on nous signale des probl√®mes de distribution suite √† une r√©organisation (qui devrait se r√©soudre fin de cette semaine),Date de l'exp√©rience: 16 octobre 2024
"Colis livr√©s 3 jours apr√®s r√©cup√©ration par la PosteLe facteur ne se d√©place m√™me plus motifs fallacieux envoy√©s en SMS comme :"" rectifiez votre adresse "" alors que nous habitons √† cette adresse depuis 40 ans  ou bien "" gros probl√®mes sur la route!!!!""Je veux bien qu'ils aient des probl√®mes de personnel mais svp n'invente pas de telles idioties!!!!!",Date de l'exp√©rience: 07 octobre 2024
"Services d√©plorable voir catastrophique..je re√ßois le courrier au compte goutte, Idem pour les colis, ensuite le facteur ne passe que 2 ou 3 fois par semaine et des fois le courrier ou les colis se perdent..",Date de l'exp√©rience: 19 octobre 2024